,id,actor_id,conversation_id,survey_id,response_id,returning_responder,status,time_submitted,time_imported
0,0,729825070,0,0,6850805994,0,"Federal position like matter staff agency major. Dog realize can him push. Kind mouth necessary people.
Hold where success season speech expert commercial tax. Staff pull talk early sea say there look. Sing treat hard finally.",04:52:24,10:00:20
1,1,607727077,1,1,6037456593,0,"Home conference third wear. Should safe few about. Later itself write rise of most read.
Charge party respond realize. Pull move energy hundred couple window.
Artist question stand trouble back charge situation. Treat fight new billion pick.",14:52:58,13:00:29
2,2,947416373,2,2,9952628597,0,"Today best move keep discover often my. Record hour improve there total develop.
Prove space need leg seven meeting east. Morning wear democratic relate fire many.
Particular ok need national white enough yet much. Mouth few move now recognize entire.",06:00:07,18:51:29
3,3,422836136,3,3,4992639311,0,"Nothing morning common artist. Treat discover agree measure long. Name every it. Similar according floor on true.
Time former attention up example pattern. Occur environment whatever whatever ok.",22:36:10,17:32:30
4,4,366458332,4,4,7910160291,0,"Former cold give keep key development Democrat. Low phone ahead benefit strategy under speak improve.
Capital red window whole owner officer wide situation. Management real business report.",20:11:03,03:51:22
